"","parameter","ess","esspersec","mean","HMDmin","HMDmax","time","nitetations","irep"
"1","accSigsq",170.461641956439,4.85494377416925,0.233162506104329,0.1544556,0.306931,35.1558000000001,1e+07,3
"2","accVeloc",836.416261908493,23.7642329009202,0.513980710321865,0.4599032,0.5661832,35.1558000000001,1e+07,3
"3","AF196835_Pc_1999.71_VelocLat",559.698549238647,15.9593200025397,-0.216263043360577,-2.031134,1.671116,35.1558000000001,1e+07,3
"4","AF196835_Pc_1999.71_VelocLon",612.984084462712,17.4841453815828,-0.33206271658535,-4.369882,3.843726,35.1558000000001,1e+07,3
"5","AF202541_Hs_1999.66_VelocLat",647.886933527221,18.4718845970202,2.25719965147392,0.23806644,4.109038,35.1558000000001,1e+07,3
"6","AF202541_Hs_1999.66_VelocLon",633.823899864661,18.1458423287081,-2.07108946321798,-6.339346,2.284774,35.1558000000001,1e+07,3
"7","AF260967_Ec_1999_VelocLat",209.31313750273,5.99021177792922,0.564481043032186,-2.087992,3.151118,35.1558000000001,1e+07,3
"8","AF260967_Ec_1999_VelocLon",274.078919477608,7.79824678849856,-0.0356347785038846,-5.75988,5.88259,35.1558000000001,1e+07,3
"9","AF404753_Cb_2000_VelocLat",687.963208208563,19.6001217846741,-0.65101622267525,-2.80652,1.712354,35.1558000000001,1e+07,3
"10","AF404753_Cb_2000_VelocLon",654.286942174812,18.6061109223794,-1.68853416957381,-6.468844,3.497122,35.1558000000001,1e+07,3
"11","AF404754_Cp_2000_VelocLat",654.941255528221,18.771195199803,0.076083864861576,-1.538064,1.846662,35.1558000000001,1e+07,3
"12","AF404754_Cp_2000_VelocLon",773.467406426331,22.0306412083365,-0.328625580122087,-4.066454,3.724756,35.1558000000001,1e+07,3
"13","AF404755_Bu_2000_VelocLat",448.785867513634,12.8124424835245,2.36346483179578,-0.59084996,5.278498,35.1558000000001,1e+07,3
"14","AF404755_Bu_2000_VelocLon",550.773404151789,15.6633070575609,-0.659149613223086,-7.40498,5.674688,35.1558000000001,1e+07,3
"15","AF404756_Cb_2000_VelocLat",765.214184033654,21.7867173066735,0.449250127653585,-1.27687,2.1123,35.1558000000001,1e+07,3
"16","AF404756_Cb_2000_VelocLon",664.585935798146,18.9431058247737,-0.258101634079467,-4.235148,3.665992,35.1558000000001,1e+07,3
"17","AF533540_Hs_2001.71_VelocLat",884.453608974027,25.2057918355088,-0.0226385930386238,-2.973616,2.857598,35.1558000000001,1e+07,3
"18","AF533540_Hs_2001.71_VelocLon",848.384079706216,24.1581541388773,0.305144576544284,-5.884844,7.005512,35.1558000000001,1e+07,3
"19","anc_VelocLat",501.925113046102,14.3028250997652,-0.548995701291676,-2.263192,1.17948,35.1558000000001,1e+07,3
"20","anc_VelocLat.1",520.683875057041,14.8301187808095,-0.6247916923505,-2.3201,1.052834,35.1558000000001,1e+07,3
"21","anc_VelocLat.10",272.192758478038,7.7696191934756,-0.800858295158491,-1.970446,0.3776112,35.1558000000001,1e+07,3
"22","anc_VelocLat.100",431.648996980674,12.300544226299,-3.8793245236404,-5.402358,-2.27749,35.1558000000001,1e+07,3
"23","anc_VelocLat.101",610.055074295345,17.4716752648888,-2.31744020517891,-3.801408,-0.8180606,35.1558000000001,1e+07,3
"24","anc_VelocLat.102",627.941558696359,17.8072284501142,-0.157655557129856,-3.58996,3.184594,35.1558000000001,1e+07,3
"25","anc_VelocLat.11",264.183810162792,7.5813915768647,-0.570552226536071,-1.682482,0.590811,35.1558000000001,1e+07,3
"26","anc_VelocLat.12",331.568650897938,9.46186068156341,-0.540629863438135,-1.744948,0.6743458,35.1558000000001,1e+07,3
"27","anc_VelocLat.13",296.616309601417,8.47507028033033,-0.322537335829523,-1.453022,0.8008562,35.1558000000001,1e+07,3
"28","anc_VelocLat.14",350.007051468827,10.0092839807044,0.130169187639956,-0.9518176,1.353204,35.1558000000001,1e+07,3
"29","anc_VelocLat.15",446.779072429141,12.7597258871153,-0.232839504984684,-1.311156,0.8042868,35.1558000000001,1e+07,3
"30","anc_VelocLat.16",506.364961801571,14.4724899224024,-0.261679810903108,-1.400816,0.9256038,35.1558000000001,1e+07,3
"31","anc_VelocLat.17",774.480961363954,22.0748129564015,-0.314591373960044,-2.009114,1.283916,35.1558000000001,1e+07,3
"32","anc_VelocLat.18",448.62393107273,12.8499758266932,-0.247125990147214,-1.34394,0.7950476,35.1558000000001,1e+07,3
"33","anc_VelocLat.19",527.961214284955,15.0673755262922,-0.295281133131188,-1.476096,0.8202852,35.1558000000001,1e+07,3
"34","anc_VelocLat.2",207.666074462471,5.924601592479,-0.878217050471609,-2.336202,0.682304,35.1558000000001,1e+07,3
"35","anc_VelocLat.20",780.28529400663,22.3018701736217,-0.413902663966482,-1.906594,1.004044,35.1558000000001,1e+07,3
"36","anc_VelocLat.21",325.545774552937,9.30577668565236,1.13990795269767,-0.13830276,2.452232,35.1558000000001,1e+07,3
"37","anc_VelocLat.22",343.990491154329,9.83082563875289,1.14296312611898,-0.10415098,2.518922,35.1558000000001,1e+07,3
"38","anc_VelocLat.23",892.715990788883,25.4219246915727,2.2914127336293,1.312238,3.246936,35.1558000000001,1e+07,3
"39","anc_VelocLat.24",839.988352625298,23.9506309914902,-1.25795462038824,-2.722612,0.17616892,35.1558000000001,1e+07,3
"40","anc_VelocLat.25",473.24231901503,13.5043957674735,-0.581762035206659,-1.898316,0.7034636,35.1558000000001,1e+07,3
"41","anc_VelocLat.26",313.063169331858,8.9319418240583,-1.40074544747281,-2.828142,-0.03774038,35.1558000000001,1e+07,3
"42","anc_VelocLat.27",197.282602517152,5.63351744623148,-3.23868252475028,-4.76701,-1.74574,35.1558000000001,1e+07,3
"43","anc_VelocLat.28",246.5935427094,7.03242893379069,-2.602577072202,-4.184826,-0.9509052,35.1558000000001,1e+07,3
"44","anc_VelocLat.29",376.467906818348,10.7721555779853,-1.86627553878579,-4.353674,0.684912,35.1558000000001,1e+07,3
"45","anc_VelocLat.3",136.66075240352,3.92713535291266,-0.914265921623751,-2.32183,0.5337268,35.1558000000001,1e+07,3
"46","anc_VelocLat.30",377.469087441919,10.8013069917203,-1.86701448348613,-4.496626,0.5853664,35.1558000000001,1e+07,3
"47","anc_VelocLat.31",377.469087441919,10.8013069917203,-1.86701448348613,-4.496626,0.5853664,35.1558000000001,1e+07,3
"48","anc_VelocLat.32",377.469087441919,10.8013069917203,-1.86701448348613,-4.496626,0.5853664,35.1558000000001,1e+07,3
"49","anc_VelocLat.33",377.469087441919,10.8013069917203,-1.86701448348613,-4.496626,0.5853664,35.1558000000001,1e+07,3
"50","anc_VelocLat.34",352.247632632763,10.0258767246119,-0.150215443177802,-3.078646,2.756004,35.1558000000001,1e+07,3
"51","anc_VelocLat.35",139.50262058747,4.0148696696149,-0.484440839093452,-2.029842,0.9993392,35.1558000000001,1e+07,3
"52","anc_VelocLat.36",163.093988286564,4.68162767771044,-1.60167030801132,-3.318046,0.07645166,35.1558000000001,1e+07,3
"53","anc_VelocLat.37",132.732311568515,3.82741379780523,-2.18476459586237,-3.76146,-0.6063442,35.1558000000001,1e+07,3
"54","anc_VelocLat.38",178.74803685241,5.0931318258668,-2.50391111091454,-5.284478,0.20516842,35.1558000000001,1e+07,3
"55","anc_VelocLat.39",140.194468333483,4.03121146740472,0.035767146027081,-1.555942,1.601352,35.1558000000001,1e+07,3
"56","anc_VelocLat.4",142.053948760406,4.06379793275902,-0.788989448035294,-2.256844,0.6294882,35.1558000000001,1e+07,3
"57","anc_VelocLat.40",166.912310074568,4.77502215472554,1.13537601859378,-0.3935724,2.828622,35.1558000000001,1e+07,3
"58","anc_VelocLat.41",151.785579004006,4.35657940161895,2.02175444839068,0.5067386,3.654208,35.1558000000001,1e+07,3
"59","anc_VelocLat.42",129.68137950704,3.72069181099718,2.56273669471698,0.8601844,4.094154,35.1558000000001,1e+07,3
"60","anc_VelocLat.43",144.248172581076,4.13868223075427,-1.21064708421709,-2.791362,0.3452706,35.1558000000001,1e+07,3
"61","anc_VelocLat.44",402.854738678092,11.5004439888059,-2.76011547782131,-6.14129,0.640954,35.1558000000001,1e+07,3
"62","anc_VelocLat.45",295.66508458097,8.4248059789531,-1.45646770594471,-3.33069,0.3878808,35.1558000000001,1e+07,3
"63","anc_VelocLat.46",192.927532481053,5.50814117959807,-0.901456469550499,-2.462742,0.5820272,35.1558000000001,1e+07,3
"64","anc_VelocLat.47",148.299535477734,4.27456571438544,-1.26075687350766,-2.83764,0.5353924,35.1558000000001,1e+07,3
"65","anc_VelocLat.48",151.888293332032,4.36703135051756,-0.896612567449723,-2.55049,0.746601,35.1558000000001,1e+07,3
"66","anc_VelocLat.49",135.031302713186,3.86789450948601,-0.981928472594895,-2.68606,0.6777792,35.1558000000001,1e+07,3
"67","anc_VelocLat.5",137.783202630354,3.91137322522644,-0.59656975570677,-2.17269,1.0396024,35.1558000000001,1e+07,3
"68","anc_VelocLat.50",183.358609735148,5.25321223184417,-0.463363428217536,-1.976604,1.08189,35.1558000000001,1e+07,3
"69","anc_VelocLat.51",199.738142292774,5.68726394935224,-1.42880810511365,-2.7963,-0.1345254,35.1558000000001,1e+07,3
"70","anc_VelocLat.52",219.806800188805,6.29717002475742,-1.18442571258091,-2.490144,0.1659452,35.1558000000001,1e+07,3
"71","anc_VelocLat.53",201.850509053557,5.79552053688572,-0.691338950181354,-2.05632,0.6473278,35.1558000000001,1e+07,3
"72","anc_VelocLat.54",208.711244233369,5.95669727246613,-0.666942139581576,-2.064156,0.7962904,35.1558000000001,1e+07,3
"73","anc_VelocLat.55",231.201161108769,6.60249549731695,-0.179321023769145,-1.515706,1.165748,35.1558000000001,1e+07,3
"74","anc_VelocLat.56",567.517767673987,16.1583321992265,-0.195167064816915,-1.322572,0.9119742,35.1558000000001,1e+07,3
"75","anc_VelocLat.57",853.210090952524,24.2774528371098,-0.168338739821532,-1.0218514,0.7301618,35.1558000000001,1e+07,3
"76","anc_VelocLat.58",829.063373681074,23.5649657839037,-0.220017381671476,-1.119124,0.6756794,35.1558000000001,1e+07,3
"77","anc_VelocLat.59",845.003723879189,24.0913240904299,-0.149482678736071,-1.095054,0.8240834,35.1558000000001,1e+07,3
"78","anc_VelocLat.6",137.261580311522,3.88550209867276,-0.727533007179578,-2.197452,0.8712488,35.1558000000001,1e+07,3
"79","anc_VelocLat.60",800.234211533425,22.8139288854541,-0.186784319949612,-1.116006,0.7939308,35.1558000000001,1e+07,3
"80","anc_VelocLat.61",748.173967163174,21.3267189813851,-0.193309084265039,-1.19391,0.7936836,35.1558000000001,1e+07,3
"81","anc_VelocLat.62",794.743993569727,22.645437047916,-0.338682700675916,-1.524794,0.856061,35.1558000000001,1e+07,3
"82","anc_VelocLat.63",892.419579653578,25.4179969216154,-0.286211791650832,-1.278402,0.675557,35.1558000000001,1e+07,3
"83","anc_VelocLat.64",226.30380707945,6.44227460761921,-1.70302609948946,-3.029764,-0.3160958,35.1558000000001,1e+07,3
"84","anc_VelocLat.65",258.462729819928,7.38268839288424,-1.39415054058824,-2.646396,-0.065667704,35.1558000000001,1e+07,3
"85","anc_VelocLat.66",403.905496270184,11.5256319576048,0.149679781124528,-1.09597,1.33839,35.1558000000001,1e+07,3
"86","anc_VelocLat.67",493.378739982986,14.0727436880212,-2.84719179831964,-5.644644,-0.02678012,35.1558000000001,1e+07,3
"87","anc_VelocLat.68",200.116893935329,5.70903722205162,-0.893751326574695,-2.436182,0.6144774,35.1558000000001,1e+07,3
"88","anc_VelocLat.69",213.835624731442,6.11094284030001,-0.840010411486792,-2.481302,0.7307176,35.1558000000001,1e+07,3
"89","anc_VelocLat.7",144.61181387113,4.13105486554199,-1.00189262798557,-2.583642,0.53812,35.1558000000001,1e+07,3
"90","anc_VelocLat.70",223.413352221668,6.36610424652673,0.367901251297225,-1.233094,1.972338,35.1558000000001,1e+07,3
"91","anc_VelocLat.71",210.368343652593,5.97551376437066,0.197782423580355,-1.47424,1.91425,35.1558000000001,1e+07,3
"92","anc_VelocLat.72",270.139482482251,7.64770839305528,-1.53249029133407,-3.274326,0.21732036,35.1558000000001,1e+07,3
"93","anc_VelocLat.73",49.5543870511353,1.42289852387765,0.869402231315139,-0.6673138,2.505716,35.1558000000001,1e+07,3
"94","anc_VelocLat.74",49.3109285163936,1.41580690408438,0.866538136017758,-0.7041034,2.475372,35.1558000000001,1e+07,3
"95","anc_VelocLat.75",49.2860496338346,1.41513803854527,0.862585409314317,-0.7392636,2.441678,35.1558000000001,1e+07,3
"96","anc_VelocLat.76",143.826535904796,4.11537691394842,-0.681269396507436,-2.548836,1.176686,35.1558000000001,1e+07,3
"97","anc_VelocLat.77",755.167539309801,21.5666551436241,0.292452668312986,-1.920936,2.561336,35.1558000000001,1e+07,3
"98","anc_VelocLat.78",75.1292069813594,2.15342112494344,1.07945747242548,-0.6757682,2.7771,35.1558000000001,1e+07,3
"99","anc_VelocLat.79",108.577093068965,3.1129287768954,0.800897342086349,-1.0136962,2.579244,35.1558000000001,1e+07,3
"100","anc_VelocLat.8",141.906569830235,4.04247222136567,-1.25652645462708,-2.86089,0.3034844,35.1558000000001,1e+07,3
"101","anc_VelocLat.80",101.186778278611,2.89989625612275,1.44102528174606,-0.3972598,3.21894,35.1558000000001,1e+07,3
"102","anc_VelocLat.81",55.7158067655918,1.60241737533384,0.982007615665261,-0.7591306,2.58421,35.1558000000001,1e+07,3
"103","anc_VelocLat.82",346.336304323449,9.81459390555754,0.0561875396331854,-2.593412,2.572554,35.1558000000001,1e+07,3
"104","anc_VelocLat.83",143.960255929783,4.12794376279696,0.330362941300555,-1.464594,2.148392,35.1558000000001,1e+07,3
"105","anc_VelocLat.84",128.454981792256,3.6751692034076,0.324799325136293,-1.454074,2.080232,35.1558000000001,1e+07,3
"106","anc_VelocLat.85",133.861309775994,3.82928561643455,0.369931980792231,-1.462266,2.146802,35.1558000000001,1e+07,3
"107","anc_VelocLat.86",159.257126710597,4.56164382233725,0.659599956313873,-1.118976,2.457196,35.1558000000001,1e+07,3
"108","anc_VelocLat.87",311.516506761939,8.81768155158107,0.2982295024495,-0.8880624,1.531938,35.1558000000001,1e+07,3
"109","anc_VelocLat.88",345.337134886364,9.8038799334825,0.276087478786593,-0.9666702,1.401128,35.1558000000001,1e+07,3
"110","anc_VelocLat.89",405.724313173691,11.5455866024365,0.274422941069922,-0.8596478,1.393704,35.1558000000001,1e+07,3
"111","anc_VelocLat.9",224.683347689645,6.45877768827284,-1.42444367164262,-2.734138,-0.12954252,35.1558000000001,1e+07,3
"112","anc_VelocLat.90",405.867512279282,11.6017885589393,0.333518916411099,-0.8430126,1.530282,35.1558000000001,1e+07,3
"113","anc_VelocLat.91",428.032079105192,12.2169690413576,-0.232900353311876,-1.646392,1.29721,35.1558000000001,1e+07,3
"114","anc_VelocLat.92",157.793724265383,4.51365730817157,0.709463421449501,-1.0581334,2.616418,35.1558000000001,1e+07,3
"115","anc_VelocLat.93",297.276662278884,8.48493107010798,-0.660278428021976,-2.198416,0.8749594,35.1558000000001,1e+07,3
"116","anc_VelocLat.94",445.948113937819,12.7467214846305,-0.389144388533407,-1.71494,0.9750012,35.1558000000001,1e+07,3
"117","anc_VelocLat.95",869.779587864073,24.8223120932787,0.824034295036093,-0.4212216,2.049272,35.1558000000001,1e+07,3
"118","anc_VelocLat.96",343.175099059213,9.78219996982286,-0.299297264950699,-2.169302,1.771624,35.1558000000001,1e+07,3
"119","anc_VelocLat.97",491.841436578569,14.0205472740336,-1.69279371754273,-3.498408,0.02679918,35.1558000000001,1e+07,3
"120","anc_VelocLat.98",488.23290628958,13.9988258439473,-1.94380013692653,-3.570566,-0.27664938,35.1558000000001,1e+07,3
"121","anc_VelocLat.99",448.796311510416,12.7749906757463,-3.63049398379578,-5.197708,-2.090124,35.1558000000001,1e+07,3
"122","anc_VelocLon",503.638655203286,14.3552327728695,-3.43548521961598,-7.160678,0.4311014,35.1558000000001,1e+07,3
"123","anc_VelocLon.1",492.174746488341,13.999305680372,-3.50696513583996,-7.25931,0.281765,35.1558000000001,1e+07,3
"124","anc_VelocLon.10",287.5612970702,8.14953615212597,-3.8657381454162,-6.509288,-1.1664852,35.1558000000001,1e+07,3
"125","anc_VelocLon.100",591.18420678828,16.8614528769431,-2.23045828627525,-5.60523,1.1628782,35.1558000000001,1e+07,3
"126","anc_VelocLon.101",588.292185074762,16.7541575502965,-1.43324462603108,-4.830966,1.710322,35.1558000000001,1e+07,3
"127","anc_VelocLon.102",644.656617883908,18.3614217497622,-3.80811000495228,-11.26796,3.161624,35.1558000000001,1e+07,3
"128","anc_VelocLon.11",328.427642284874,9.32573898991152,-3.34187141902331,-5.884876,-0.7226184,35.1558000000001,1e+07,3
"129","anc_VelocLon.12",323.401720484536,9.17745415097688,-3.20540666552719,-5.842666,-0.4423058,35.1558000000001,1e+07,3
"130","anc_VelocLon.13",317.160709725749,9.01881288703324,-2.77478850354495,-5.310942,-0.186955006,35.1558000000001,1e+07,3
"131","anc_VelocLon.14",324.346206739974,9.26008591349605,-2.36052406499001,-4.951476,0.1731998,35.1558000000001,1e+07,3
"132","anc_VelocLon.15",391.72760357144,11.1633828059447,-1.88488754567592,-4.116408,0.6460446,35.1558000000001,1e+07,3
"133","anc_VelocLon.16",504.582531632899,14.3629556064052,-1.95068136466393,-4.45863,0.7486568,35.1558000000001,1e+07,3
"134","anc_VelocLon.17",744.950378098533,21.2578823834638,-1.57458966761176,-5.346448,2.125886,35.1558000000001,1e+07,3
"135","anc_VelocLon.18",387.737057133725,11.0546253804745,-1.86537600707259,-4.194536,0.5834166,35.1558000000001,1e+07,3
"136","anc_VelocLon.19",463.974760772394,13.217151127273,-1.71748854386681,-4.201032,0.8355182,35.1558000000001,1e+07,3
"137","anc_VelocLon.2",205.079363187614,5.82903342094359,-3.90671102068812,-7.194576,-0.483219,35.1558000000001,1e+07,3
"138","anc_VelocLon.20",738.749207260447,21.065921743478,-1.41495304461616,-4.498102,1.916966,35.1558000000001,1e+07,3
"139","anc_VelocLon.21",331.439196576088,9.42124330655216,-1.95427993648391,-4.785976,1.1090822,35.1558000000001,1e+07,3
"140","anc_VelocLon.22",333.791218066375,9.49389979438597,-1.860647021899,-4.785546,1.1822568,35.1558000000001,1e+07,3
"141","anc_VelocLon.23",773.277522170375,21.9626697737635,0.265898841146726,-1.94589,2.412546,35.1558000000001,1e+07,3
"142","anc_VelocLon.24",870.167122607749,24.7898045876564,1.13272739930411,-2.140594,4.403916,35.1558000000001,1e+07,3
"143","anc_VelocLon.25",526.419868349146,14.9979217029777,-1.86486026163152,-4.87618,0.9684674,35.1558000000001,1e+07,3
"144","anc_VelocLon.26",292.973636458289,8.30721124813273,-5.3920261718091,-8.396538,-2.239876,35.1558000000001,1e+07,3
"145","anc_VelocLon.27",231.116480931691,6.50815676208926,-4.66876724663707,-8.245332,-1.358168,35.1558000000001,1e+07,3
"146","anc_VelocLon.28",253.398291545652,7.18873366890214,-8.38507199422864,-11.88398,-4.666164,35.1558000000001,1e+07,3
"147","anc_VelocLon.29",306.566725761419,8.71261629039258,-10.9759075774917,-16.35982,-4.70642,35.1558000000001,1e+07,3
"148","anc_VelocLon.3",181.18871631542,5.13828434145871,-2.65062182684573,-5.913662,0.5403574,35.1558000000001,1e+07,3
"149","anc_VelocLon.30",305.937644378002,8.69078851419204,-10.9700137602664,-16.27872,-4.611182,35.1558000000001,1e+07,3
"150","anc_VelocLon.31",305.937644378002,8.69078851419204,-10.9700137602664,-16.27872,-4.611182,35.1558000000001,1e+07,3
"151","anc_VelocLon.32",305.937644378002,8.69078851419204,-10.9700137602664,-16.27872,-4.611182,35.1558000000001,1e+07,3
"152","anc_VelocLon.33",305.937644378002,8.69078851419204,-10.9700137602664,-16.27872,-4.611182,35.1558000000001,1e+07,3
"153","anc_VelocLon.34",311.98743803088,8.92378348119713,-1.41868006702353,-8.282018,5.156446,35.1558000000001,1e+07,3
"154","anc_VelocLon.35",209.465828696637,5.9364529941406,-0.298706075166482,-3.795042,2.900494,35.1558000000001,1e+07,3
"155","anc_VelocLon.36",250.646350148173,7.06366486150968,1.30770558269034,-2.622732,4.955656,35.1558000000001,1e+07,3
"156","anc_VelocLon.37",151.362150298979,4.31968529889709,1.92046483327714,-1.513818,5.59757,35.1558000000001,1e+07,3
"157","anc_VelocLon.38",226.859169240905,6.39111878311664,6.01611658684573,-0.1255428,11.76926,35.1558000000001,1e+07,3
"158","anc_VelocLon.39",210.193536516946,5.97003116651743,0.358563367469168,-2.945166,4.123932,35.1558000000001,1e+07,3
"159","anc_VelocLon.4",162.929419112329,4.62524898110546,-2.4543444636071,-5.77742,0.6745054,35.1558000000001,1e+07,3
"160","anc_VelocLon.40",220.7564202064,6.22571726498317,2.16577338668835,-1.273524,5.740346,35.1558000000001,1e+07,3
"161","anc_VelocLon.41",180.029154178019,5.07318043540954,4.08277115587125,0.4617406,7.522128,35.1558000000001,1e+07,3
"162","anc_VelocLon.42",172.686985025624,4.8636896043446,5.70651218492786,2.32535,9.266544,35.1558000000001,1e+07,3
"163","anc_VelocLon.43",202.800618253468,5.75709789224035,-2.71744733311876,-6.313094,0.770525,35.1558000000001,1e+07,3
"164","anc_VelocLon.44",354.992914243619,10.1054564353564,-3.74995956205327,-11.17688,3.83355,35.1558000000001,1e+07,3
"165","anc_VelocLon.45",325.135326637328,9.24701791883549,-2.41720034305727,-6.764396,1.602064,35.1558000000001,1e+07,3
"166","anc_VelocLon.46",195.030291721577,5.54690118604001,-3.96785376214428,-7.29446,-0.5884658,35.1558000000001,1e+07,3
"167","anc_VelocLon.47",200.859947958748,5.71981303471928,-4.60862571618868,-8.12352,-0.7525842,35.1558000000001,1e+07,3
"168","anc_VelocLon.48",157.476260504011,4.50374761152396,-5.27723082694784,-8.783954,-1.62218,35.1558000000001,1e+07,3
"169","anc_VelocLon.49",141.098539012905,4.03126640695728,-5.81132131520977,-9.506366,-2.25898,35.1558000000001,1e+07,3
"170","anc_VelocLon.5",213.634936508982,6.06368118989719,-4.48997786147614,-7.862808,-0.8945316,35.1558000000001,1e+07,3
"171","anc_VelocLon.50",215.713450087097,6.13585391153052,-9.54135636625971,-13.07046,-6.127372,35.1558000000001,1e+07,3
"172","anc_VelocLon.51",260.622079233432,7.32682078941302,-7.246214554495,-10.25218,-4.364056,35.1558000000001,1e+07,3
"173","anc_VelocLon.52",314.573182367429,8.85754360174547,-7.23277805194229,-10.060106,-4.09798,35.1558000000001,1e+07,3
"174","anc_VelocLon.53",295.187359257459,8.35481407873806,-8.15595521642619,-11.01498,-5.047912,35.1558000000001,1e+07,3
"175","anc_VelocLon.54",307.882733468287,8.69158062299623,-8.52995291231965,-11.57092,-5.48154,35.1558000000001,1e+07,3
"176","anc_VelocLon.55",309.998818910814,8.76398000608696,-7.77478762486126,-10.70578,-4.820446,35.1558000000001,1e+07,3
"177","anc_VelocLon.56",603.169659122253,17.2064382742351,-2.59543509707503,-5.052326,-0.04522818,35.1558000000001,1e+07,3
"178","anc_VelocLon.57",771.640823714942,21.9187781609785,-0.741204031393119,-2.845276,1.25483,35.1558000000001,1e+07,3
"179","anc_VelocLon.58",832.921197743133,23.8221589280401,-0.288037017862819,-2.27724,1.794482,35.1558000000001,1e+07,3
"180","anc_VelocLon.59",827.727696164972,23.5530583529649,0.353434001591121,-1.758728,2.543872,35.1558000000001,1e+07,3
"181","anc_VelocLon.6",211.170219495452,5.95674662038548,-5.0244296045283,-8.323532,-1.3817924,35.1558000000001,1e+07,3
"182","anc_VelocLon.60",826.385188272603,23.4806644557873,-0.350858304209767,-2.508254,1.759216,35.1558000000001,1e+07,3
"183","anc_VelocLon.61",827.99338647735,23.5472256794957,-0.338017630772475,-2.67881,1.858886,35.1558000000001,1e+07,3
"184","anc_VelocLon.62",813.3219798994,23.1001444198119,-0.78659875834384,-3.478674,1.825534,35.1558000000001,1e+07,3
"185","anc_VelocLon.63",797.97115765844,22.7973050525345,-0.206135410278135,-2.423352,1.957918,35.1558000000001,1e+07,3
"186","anc_VelocLon.64",322.914514386919,9.1309239054025,-5.80023145038846,-8.742346,-2.845138,35.1558000000001,1e+07,3
"187","anc_VelocLon.65",337.423619378055,9.57663183765275,-5.0619203445727,-7.775854,-2.142534,35.1558000000001,1e+07,3
"188","anc_VelocLon.66",474.82297030803,13.4647517013026,-4.95693073394007,-7.690652,-2.201828,35.1558000000001,1e+07,3
"189","anc_VelocLon.67",442.804050212331,12.5659946813547,1.55663764789123,-4.61328,8.451854,35.1558000000001,1e+07,3
"190","anc_VelocLon.68",196.310550492655,5.57525972445075,-3.93244686656826,-7.403982,-0.5791091,35.1558000000001,1e+07,3
"191","anc_VelocLon.69",214.092735416747,6.08666997671353,-3.95098440633962,-7.446178,-0.2667196,35.1558000000001,1e+07,3
"192","anc_VelocLon.7",209.200757976579,5.89502270975855,-5.52991343380688,-8.869408,-2.122222,35.1558000000001,1e+07,3
"193","anc_VelocLon.70",354.753492691666,10.0337914189479,-4.6064762699889,-8.024714,-1.0375992,35.1558000000001,1e+07,3
"194","anc_VelocLon.71",307.171647070279,8.69262519804443,-4.91918108082131,-8.515518,-1.2786754,35.1558000000001,1e+07,3
"195","anc_VelocLon.72",380.411523204141,10.7850294840402,-4.41244680419756,-8.257494,-0.6206444,35.1558000000001,1e+07,3
"196","anc_VelocLon.73",55.0817175193286,1.57391999931669,2.6390824674273,-0.8760266,5.96403,35.1558000000001,1e+07,3
"197","anc_VelocLon.74",54.8173664425513,1.56634667651975,2.63997821627525,-0.7147258,6.120692,35.1558000000001,1e+07,3
"198","anc_VelocLon.75",54.9863463645236,1.57113753060802,2.63257372606792,-0.8671884,5.979986,35.1558000000001,1e+07,3
"199","anc_VelocLon.76",193.710444898315,5.48785279025646,0.185568456679245,-3.74062,4.339522,35.1558000000001,1e+07,3
"200","anc_VelocLon.77",765.870081779762,21.8203330828131,-8.8126761826859,-13.77592,-3.960374,35.1558000000001,1e+07,3
"201","anc_VelocLon.78",97.8157705046139,2.76966358242503,4.0367375958202,0.24302134,7.856586,35.1558000000001,1e+07,3
"202","anc_VelocLon.79",136.659996193803,3.86886113633139,5.68726654530744,1.675248,9.642282,35.1558000000001,1e+07,3
"203","anc_VelocLon.8",200.554517794799,5.64351130129393,-6.01695885704773,-9.640644,-2.597512,35.1558000000001,1e+07,3
"204","anc_VelocLon.80",102.911293297737,2.9250371366186,4.60121547076582,0.7602908,8.394472,35.1558000000001,1e+07,3
"205","anc_VelocLon.81",61.4333189645507,1.7606462152873,2.77621152396804,-0.9368238,6.304402,35.1558000000001,1e+07,3
"206","anc_VelocLon.82",355.419642105033,10.0741424715567,-0.751757684997736,-6.399612,4.907696,35.1558000000001,1e+07,3
"207","anc_VelocLon.83",145.925001953178,4.13164550406067,-0.365514818350721,-4.128912,3.720216,35.1558000000001,1e+07,3
"208","anc_VelocLon.84",145.691940332644,4.12779732750846,-0.383170470993341,-4.228946,3.579384,35.1558000000001,1e+07,3
"209","anc_VelocLon.85",157.495375971628,4.46355390892168,-0.337059812965372,-4.24391,3.49302,35.1558000000001,1e+07,3
"210","anc_VelocLon.86",183.080874246475,5.18819915709818,-0.261505112423307,-4.043018,3.67108,35.1558000000001,1e+07,3
"211","anc_VelocLon.87",396.063162197662,11.3391527550786,0.132346505512386,-2.381112,2.681118,35.1558000000001,1e+07,3
"212","anc_VelocLon.88",430.89696135864,12.3184462701183,0.102107312709656,-2.378282,2.699886,35.1558000000001,1e+07,3
"213","anc_VelocLon.89",500.479666072654,14.2632583324869,-0.0446616463718091,-2.504058,2.53145,35.1558000000001,1e+07,3
"214","anc_VelocLon.9",265.295134925909,7.50757775445732,-4.70806109098779,-7.628024,-1.74359,35.1558000000001,1e+07,3
"215","anc_VelocLon.90",580.973403798246,16.5919778480234,-0.0992886894961154,-2.80936,2.441398,35.1558000000001,1e+07,3
"216","anc_VelocLon.91",532.258087506126,15.1741311922123,-0.42555758554717,-3.664456,2.782612,35.1558000000001,1e+07,3
"217","anc_VelocLon.92",176.583737426877,5.0080388871016,-0.3477297356899,-4.359694,3.55821,35.1558000000001,1e+07,3
"218","anc_VelocLon.93",339.146440207957,9.64052259131433,-1.87402136517691,-5.235662,1.675714,35.1558000000001,1e+07,3
"219","anc_VelocLon.94",535.481047866245,15.1236617421401,-1.4451265788079,-4.329476,1.384044,35.1558000000001,1e+07,3
"220","anc_VelocLon.95",885.608607507943,25.2491733285597,0.197511849223973,-2.57095,2.985198,35.1558000000001,1e+07,3
"221","anc_VelocLon.96",380.243118026219,10.8099043148047,-0.990062476573674,-5.191504,3.577818,35.1558000000001,1e+07,3
"222","anc_VelocLon.97",449.946921199236,12.787193929438,-1.54713178393496,-5.383846,2.426976,35.1558000000001,1e+07,3
"223","anc_VelocLon.98",504.515455975373,14.3233694628671,-1.83668527986016,-5.625462,1.87309,35.1558000000001,1e+07,3
"224","anc_VelocLon.99",517.40040632564,14.6851384480721,-2.48330985929123,-5.738492,0.9676866,35.1558000000001,1e+07,3
"225","AY289214_Hs_2002.62_VelocLat",887.94321133138,25.2832984668126,-3.46976555154939,-6.441912,-0.42136,35.1558000000001,1e+07,3
"226","AY289214_Hs_2002.62_VelocLon",892.55643254343,25.4115988905172,-6.50544843712408,-13.5577,0.14447726,35.1558000000001,1e+07,3
"227","AY646354_Hs_2002_VelocLat",177.675900455955,5.07750047186726,2.48582373164484,-0.1032287,5.180698,35.1558000000001,1e+07,3
"228","AY646354_Hs_2002_VelocLon",230.699916089224,6.5359408246698,6.2877497196293,-0.12142566,12.11724,35.1558000000001,1e+07,3
"229","AY712945_Zm_2003_VelocLat",493.378739982986,14.0727436880212,-2.84719179831964,-5.644644,-0.02678012,35.1558000000001,1e+07,3
"230","AY712945_Zm_2003_VelocLon",442.804050212331,12.5659946813547,1.55663764789123,-4.61328,8.451854,35.1558000000001,1e+07,3
"231","AY712946_Cc_2003_VelocLat",493.378739982986,14.0727436880212,-2.84719179831964,-5.644644,-0.02678012,35.1558000000001,1e+07,3
"232","AY712946_Cc_2003_VelocLon",442.804050212331,12.5659946813547,1.55663764789123,-4.61328,8.451854,35.1558000000001,1e+07,3
"233","AY712947_Cc_2003_VelocLat",558.138991622465,15.8966612984425,-2.60072432581496,-5.774408,0.7972368,35.1558000000001,1e+07,3
"234","AY712947_Cc_2003_VelocLon",593.212055065108,16.7352402947446,-0.379391488406215,-7.640388,6.593888,35.1558000000001,1e+07,3
"235","AY712948_Cq_2003_VelocLat",553.351212877057,15.680056308571,-2.86893816194229,-5.486682,-0.3887494,35.1558000000001,1e+07,3
"236","AY712948_Cq_2003_VelocLon",574.913628090658,16.254240633801,-4.33048326952275,-10.19339,1.388212,35.1558000000001,1e+07,3
"237","AY795965_Hs_2002_VelocLat",195.164643489508,5.59373392375386,3.13871850760932,0.4384882,5.90104,35.1558000000001,1e+07,3
"238","AY795965_Hs_2002_VelocLon",282.306919869164,7.97354881469592,-0.51972848167192,-6.357284,5.727562,35.1558000000001,1e+07,3
"239","clockRate",901,25.6602242977953,4e-04,4e-04,4e-04,35.1558000000001,1e+07,3
"240","displacement",123.652723484708,3.50805891960265,328.963155382908,296.7936,366.0718,35.1558000000001,1e+07,3
"241","DQ005530_Hs_2003_VelocLat",270.252539418069,7.6778017851638,1.84121589917092,-1.2589284,4.932856,35.1558000000001,1e+07,3
"242","DQ005530_Hs_2003_VelocLon",317.693391318704,9.0319500522506,-7.49423302721421,-14.39282,-0.7599602,35.1558000000001,1e+07,3
"243","DQ080051_Ct_2003_VelocLat",403.74196072151,11.5454949122942,-3.72825583706992,-5.682298,-1.658126,35.1558000000001,1e+07,3
"244","DQ080051_Ct_2003_VelocLon",486.164160831664,13.8358720833054,-2.51527526668701,-7.234644,1.87379,35.1558000000001,1e+07,3
"245","DQ080052_Ct_2003_VelocLat",438.915192815188,12.5390252386022,-1.92874478004661,-3.939822,0.13906056,35.1558000000001,1e+07,3
"246","DQ080052_Ct_2003_VelocLon",433.38675834339,12.3048139850797,-7.31577167593785,-11.9303,-2.667602,35.1558000000001,1e+07,3
"247","DQ080053_Ct_2003_VelocLat",361.855763531026,10.3084412916336,2.02542596879023,-0.13184724,4.177236,35.1558000000001,1e+07,3
"248","DQ080053_Ct_2003_VelocLon",402.032027225332,11.4190789935674,-2.52969787585438,-7.45546,2.348864,35.1558000000001,1e+07,3
"249","DQ080054_Cq_2003_VelocLat",294.935855285946,8.40777203377333,0.114153585442202,-1.816974,2.033562,35.1558000000001,1e+07,3
"250","DQ080054_Cq_2003_VelocLon",420.879313891926,11.9238744684578,-9.63716442974473,-13.95676,-5.139362,35.1558000000001,1e+07,3
"251","DQ080055_Ct_2003_VelocLat",386.894754561332,11.0468302135701,-2.15743135712542,-4.18929,-0.20050382,35.1558000000001,1e+07,3
"252","DQ080055_Ct_2003_VelocLon",472.839017872903,13.4178976678043,-4.53293173936515,-9.132598,-0.2903138,35.1558000000001,1e+07,3
"253","DQ080056_Ct_2003_VelocLat",262.135715935252,7.54857396710715,-2.68826166897003,-4.769848,-0.6565782,35.1558000000001,1e+07,3
"254","DQ080056_Ct_2003_VelocLon",393.198331939881,11.1079826470082,-4.54336870847281,-8.874854,-0.01133708,35.1558000000001,1e+07,3
"255","DQ080057_Cb_2003_VelocLat",308.230148659829,8.80445579750339,-0.649879105833962,-2.490646,1.198478,35.1558000000001,1e+07,3
"256","DQ080057_Cb_2003_VelocLon",439.126590769415,12.4315319407892,-8.76973569125416,-12.52472,-4.677614,35.1558000000001,1e+07,3
"257","DQ080058_Cb_2003_VelocLat",292.911002994905,8.32355167985417,-0.64915098273141,-2.526826,1.172892,35.1558000000001,1e+07,3
"258","DQ080058_Cb_2003_VelocLon",454.287742931322,12.8812432414036,-8.76280325438402,-12.79014,-4.47311,35.1558000000001,1e+07,3
"259","DQ080059_Pn_2003_VelocLat",433.120810421489,12.3671518192558,2.55928653512311,0.152990946,4.890418,35.1558000000001,1e+07,3
"260","DQ080059_Pn_2003_VelocLon",512.889784098534,14.5808853835459,-10.7453563043285,-16.17798,-5.578486,35.1558000000001,1e+07,3
"261","DQ080060_Cc_2004_VelocLat",746.678090410752,21.3253539406378,-2.93055069607103,-5.057942,-0.8228994,35.1558000000001,1e+07,3
"262","DQ080060_Cc_2004_VelocLon",627.82779485928,17.9134347611559,0.167477477054828,-4.572232,4.67727,35.1558000000001,1e+07,3
"263","DQ080061_Ccs_2004_VelocLat",681.82990953468,19.4977940071833,-1.96318981298468,-5.418242,1.822438,35.1558000000001,1e+07,3
"264","DQ080061_Ccs_2004_VelocLon",677.556331374884,19.2802017118944,0.485190515234184,-8.06781,8.860512,35.1558000000001,1e+07,3
"265","DQ080062_Cx_2002_VelocLat",752.240443947787,21.495080356359,-1.54213149904639,-4.110608,1.203735,35.1558000000001,1e+07,3
"266","DQ080062_Cx_2002_VelocLon",789.57726043226,22.4931096636204,-6.94202196954495,-13.00574,-0.9063796,35.1558000000001,1e+07,3
"267","DQ080063_Cl_2003_VelocLat",377.455427476682,10.8003717531481,-1.86716040332198,-4.413476,0.6370834,35.1558000000001,1e+07,3
"268","DQ080063_Cl_2003_VelocLon",301.348670425629,8.57299918394813,-10.9745731032186,-16.42398,-4.806838,35.1558000000001,1e+07,3
"269","DQ080064_Fa_2003_VelocLat",377.469087441919,10.8013069917203,-1.86701448348613,-4.496626,0.5853664,35.1558000000001,1e+07,3
"270","DQ080064_Fa_2003_VelocLon",305.937644378002,8.69078851419204,-10.9700137602664,-16.27872,-4.611182,35.1558000000001,1e+07,3
"271","DQ080065_Qq_2003_VelocLat",377.469087441919,10.8013069917203,-1.86701448348613,-4.496626,0.5853664,35.1558000000001,1e+07,3
"272","DQ080065_Qq_2003_VelocLon",305.937644378002,8.69078851419204,-10.9700137602664,-16.27872,-4.611182,35.1558000000001,1e+07,3
"273","DQ080066_Px_2003_VelocLat",377.469087441919,10.8013069917203,-1.86701448348613,-4.496626,0.5853664,35.1558000000001,1e+07,3
"274","DQ080066_Px_2003_VelocLon",305.937644378002,8.69078851419204,-10.9700137602664,-16.27872,-4.611182,35.1558000000001,1e+07,3
"275","DQ080067_Bvs_2003_VelocLat",377.469087441919,10.8013069917203,-1.86701448348613,-4.496626,0.5853664,35.1558000000001,1e+07,3
"276","DQ080067_Bvs_2003_VelocLon",305.937644378002,8.69078851419204,-10.9700137602664,-16.27872,-4.611182,35.1558000000001,1e+07,3
"277","DQ080068_Ah_2003_VelocLat",377.469087441919,10.8013069917203,-1.86701448348613,-4.496626,0.5853664,35.1558000000001,1e+07,3
"278","DQ080068_Ah_2003_VelocLon",305.937644378002,8.69078851419204,-10.9700137602664,-16.27872,-4.611182,35.1558000000001,1e+07,3
"279","DQ080069_Ec_2003_VelocLat",237.529929996702,6.82878985213177,-6.33933320754717,-9.02418,-3.848426,35.1558000000001,1e+07,3
"280","DQ080069_Ec_2003_VelocLon",299.477408432256,8.50169076262417,2.49422242557603,-2.947934,8.339418,35.1558000000001,1e+07,3
"281","DQ080070_Qq_2003_VelocLat",326.083315852602,9.31224297658393,-3.62688549928968,-5.84123,-1.1748878,35.1558000000001,1e+07,3
"282","DQ080070_Qq_2003_VelocLon",328.877860104018,9.35704450139845,-5.00803539542353,-10.03764,0.42840734,35.1558000000001,1e+07,3
"283","DQ080071_Ec_2002_VelocLat",690.530151523012,19.7163754092013,-2.34493439804151,-4.904444,0.22073552,35.1558000000001,1e+07,3
"284","DQ080071_Ec_2002_VelocLon",743.994520100441,21.1494936443509,-1.45854196181132,-7.169952,4.135284,35.1558000000001,1e+07,3
"285","DQ080072_Dc_2001_VelocLat",419.935763060564,12.0069726311938,-6.90384652164262,-9.600326,-4.002986,35.1558000000001,1e+07,3
"286","DQ080072_Dc_2001_VelocLon",470.508878715009,13.317547456891,-1.04411376472142,-7.180972,5.338132,35.1558000000001,1e+07,3
"287","DQ164186_Cb_2002_VelocLat",166.527543076742,4.77314936109046,0.734539188551325,-1.828494,3.456806,35.1558000000001,1e+07,3
"288","DQ164186_Cb_2002_VelocLon",237.409105280089,6.72588494867978,8.18974068785794,1.99507,13.74954,35.1558000000001,1e+07,3
"289","DQ164187_Cb_2002_VelocLat",891.348110146605,25.3877490739748,1.66969803897714,-0.6095104,3.999592,35.1558000000001,1e+07,3
"290","DQ164187_Cb_2002_VelocLon",886.97099345584,25.2548242085477,0.353008815037383,-4.994838,5.769114,35.1558000000001,1e+07,3
"291","DQ164188_Cb_2003_VelocLat",867.955576506789,24.6924306957079,-0.0550354993168968,-2.825552,3.04741,35.1558000000001,1e+07,3
"292","DQ164188_Cb_2003_VelocLon",879.256279977809,25.022432171054,0.14562780605263,-6.234334,6.689752,35.1558000000001,1e+07,3
"293","DQ164189_Cb_2003_VelocLat",549.226697227742,15.7907439500713,1.01592513157714,-1.57227,3.611566,35.1558000000001,1e+07,3
"294","DQ164189_Cb_2003_VelocLon",690.77613507453,19.6385704458418,3.95727720994251,-1.821294,9.51054,35.1558000000001,1e+07,3
"295","DQ164190_Cb_2003_VelocLat",769.820667623618,21.8658518761053,0.384434675401332,-2.021372,2.846298,35.1558000000001,1e+07,3
"296","DQ164190_Cb_2003_VelocLon",721.352896375157,20.5026870521185,3.91801624991121,-1.4751,9.331946,35.1558000000001,1e+07,3
"297","DQ164191_Cb_2003_VelocLat",473.640606379337,13.5076260617952,0.948423210517869,-1.550814,3.502606,35.1558000000001,1e+07,3
"298","DQ164191_Cb_2003_VelocLon",511.570880296898,14.5565641750041,2.7415713679737,-3.079186,8.462702,35.1558000000001,1e+07,3
"299","DQ164192_Cb_2003_VelocLat",866.564509178593,24.7405711939227,0.259393476936515,-2.165454,2.898246,35.1558000000001,1e+07,3
"300","DQ164192_Cb_2003_VelocLon",882.39020713171,25.119266184203,1.40002703490189,-4.306106,7.144788,35.1558000000001,1e+07,3
"301","DQ164193_Cb_2002_VelocLat",111.974748179927,3.19518322331071,5.31646475471698,2.79226,7.87707,35.1558000000001,1e+07,3
"302","DQ164193_Cb_2002_VelocLon",150.573806409351,4.28701615644,12.9655371342952,6.607362,18.18344,35.1558000000001,1e+07,3
"303","DQ164194_Cb_2001_VelocLat",868.205896835197,24.6945842057838,-0.0136744069021088,-2.225026,2.19501,35.1558000000001,1e+07,3
"304","DQ164194_Cb_2001_VelocLon",885.364742671261,25.2065192074159,0.860280764708102,-3.949198,5.799212,35.1558000000001,1e+07,3
"305","DQ164195_Cx_2002_VelocLat",216.689488179874,6.20306240518047,0.698492632350943,-2.123336,3.289644,35.1558000000001,1e+07,3
"306","DQ164195_Cx_2002_VelocLon",293.342227479885,8.25440490711133,8.41763191951165,2.473944,14.44418,35.1558000000001,1e+07,3
"307","DQ164196_Hs_2002_VelocLat",178.74803685241,5.0931318258668,-2.50391111091454,-5.284478,0.20516842,35.1558000000001,1e+07,3
"308","DQ164196_Hs_2002_VelocLon",226.859169240905,6.39111878311664,6.01611658684573,-0.1255428,11.76926,35.1558000000001,1e+07,3
"309","DQ164197_Hs_2002_VelocLat",178.74803685241,5.0931318258668,-2.50391111091454,-5.284478,0.20516842,35.1558000000001,1e+07,3
"310","DQ164197_Hs_2002_VelocLon",226.859169240905,6.39111878311664,6.01611658684573,-0.1255428,11.76926,35.1558000000001,1e+07,3
"311","DQ164198_Hs_2002_VelocLat",401.809184298517,11.4700248338647,-2.75948125282375,-6.122104,0.678588,35.1558000000001,1e+07,3
"312","DQ164198_Hs_2002_VelocLon",355.709183996586,10.1244875025056,-3.75018651594451,-11.30126,3.748444,35.1558000000001,1e+07,3
"313","DQ164199_Hs_2003_VelocLat",472.295436613975,13.5370836610019,-2.17883559916271,-5.137214,0.8339508,35.1558000000001,1e+07,3
"314","DQ164199_Hs_2003_VelocLon",505.033123868078,14.277781447432,-2.69282274983085,-9.316508,3.745416,35.1558000000001,1e+07,3
"315","DQ164200_Hs_2002_VelocLat",209.742764147236,6.02200526467241,0.0572023179538291,-2.648452,2.81722,35.1558000000001,1e+07,3
"316","DQ164200_Hs_2002_VelocLon",264.235666414313,7.50401663069848,-1.7089551699192,-7.875254,4.40515,35.1558000000001,1e+07,3
"317","DQ164201_Hs_2004_VelocLat",856.850190994841,24.3725662307508,-0.383380208653274,-2.367618,1.524398,35.1558000000001,1e+07,3
"318","DQ164201_Hs_2004_VelocLon",714.126397869947,20.3042686585994,-2.67574461124528,-6.991142,1.817696,35.1558000000001,1e+07,3
"319","DQ164202_Hs_2002_VelocLat",731.140912478779,20.8040833425795,1.84278263810921,-1.1633912,4.905232,35.1558000000001,1e+07,3
"320","DQ164202_Hs_2002_VelocLon",716.291027103357,20.3422764302273,-2.07988855104772,-8.97588,4.572026,35.1558000000001,1e+07,3
"321","DQ164203_Ph_2003_VelocLat",552.370374760615,15.7815683944278,1.07121831069612,-1.815812,3.939134,35.1558000000001,1e+07,3
"322","DQ164203_Ph_2003_VelocLon",491.627810063509,13.9166235472046,-4.02806987709878,-10.293486,2.528532,35.1558000000001,1e+07,3
"323","DQ164204_Bj_2003_VelocLat",631.018636609278,17.9700412782316,1.73937374280222,-1.020684,4.41854,35.1558000000001,1e+07,3
"324","DQ164204_Bj_2003_VelocLon",595.025850721556,16.8845436893393,-2.87495657611276,-8.813484,3.380872,35.1558000000001,1e+07,3
"325","DQ164205_Hs_2002_VelocLat",403.566228346526,11.5204830745256,-2.75831466899933,-6.071486,0.7250084,35.1558000000001,1e+07,3
"326","DQ164205_Hs_2002_VelocLon",354.915118748283,10.1048249708965,-3.75035816670382,-11.34922,3.667432,35.1558000000001,1e+07,3
"327","DQ164206_Cc_2004_VelocLat",853.32875616309,24.2785066154403,-3.57954673745789,-6.772706,-0.4446536,35.1558000000001,1e+07,3
"328","DQ164206_Cc_2004_VelocLon",746.910895841738,21.2509855228591,-6.94670151854184,-14.08632,0.1737666,35.1558000000001,1e+07,3
"329","DQ176637_Qq_2002_VelocLat",201.894523594218,5.74814765398644,-1.34157937501509,-3.9319,1.42333,35.1558000000001,1e+07,3
"330","DQ176637_Qq_2002_VelocLon",241.540150913283,6.78247004463249,-1.26610321142286,-6.853846,4.691812,35.1558000000001,1e+07,3
"331","DQ431693WG020_Hs_2003.60_VelocLat",679.334823379904,19.3592297017882,-0.956077470261043,-3.901844,2.216736,35.1558000000001,1e+07,3
"332","DQ431693WG020_Hs_2003.60_VelocLon",649.121107580218,18.3947897859081,-4.42232725592009,-11.09902,2.40832,35.1558000000001,1e+07,3
"333","DQ431694WG022_Hs_2003.62_VelocLat",347.280974477426,9.91649939988809,-1.92904228573807,-4.517772,0.4569234,35.1558000000001,1e+07,3
"334","DQ431694WG022_Hs_2003.62_VelocLon",275.803965213892,7.90782485638453,4.21918569696781,-1.4317608,9.75751,35.1558000000001,1e+07,3
"335","DQ431695WG082_Hs_2003_VelocLat",481.935102799057,13.7087057583425,1.2165366549778,-1.478026,3.870236,35.1558000000001,1e+07,3
"336","DQ431695WG082_Hs_2003_VelocLon",669.514878661882,18.996533986428,-1.00816065772497,-7.206476,4.997182,35.1558000000001,1e+07,3
"337","DQ431696WG104_Hs_2003.70_VelocLat",620.215805648409,17.7174111647147,1.63908154961065,-1.272448,4.76407,35.1558000000001,1e+07,3
"338","DQ431696WG104_Hs_2003.70_VelocLon",639.761101822292,18.2465110671085,0.0374109855693674,-6.793404,6.734034,35.1558000000001,1e+07,3
"339","DQ431697WG113_Hs_2003.56_VelocLat",883.503891296202,25.1617556767044,-0.756317740152053,-3.33236,1.880892,35.1558000000001,1e+07,3
"340","DQ431697WG113_Hs_2003.56_VelocLon",834.813830144493,23.7270617469307,-0.403303992412875,-6.27376,5.634132,35.1558000000001,1e+07,3
"341","DQ431698WG120_Hs_2003.65_VelocLat",480.900749148172,13.6828183205041,-5.22948436514983,-8.169624,-2.485844,35.1558000000001,1e+07,3
"342","DQ431698WG120_Hs_2003.65_VelocLon",571.249178887526,16.2312883328858,1.36486740596959,-5.035848,7.822966,35.1558000000001,1e+07,3
"343","DQ431699WG124_Hs_2003.73_VelocLat",684.693710894378,19.526687202401,-2.92196152110322,-5.87705,0.13081782,35.1558000000001,1e+07,3
"344","DQ431699WG124_Hs_2003.73_VelocLon",720.84758944794,20.4021923403978,2.71925469989345,-3.90231,9.30828,35.1558000000001,1e+07,3
"345","DQ431700WG213_Hs_2004_VelocLat",178.188900682838,5.1154641375169,4.2778943609323,2.554478,6.198196,35.1558000000001,1e+07,3
"346","DQ431700WG213_Hs_2004_VelocLon",264.015171159837,7.5370476333372,-7.8782552117647,-12.00036,-3.435992,35.1558000000001,1e+07,3
"347","DQ431701WG214_Hs_2004.53_VelocLat",818.091380602893,23.3410863488792,0.305081011874517,-2.709542,3.141424,35.1558000000001,1e+07,3
"348","DQ431701WG214_Hs_2004.53_VelocLon",798.635059142977,22.8454374983393,-9.30905800448391,-15.7807,-2.76061,35.1558000000001,1e+07,3
"349","DQ431702WG216_Hs_2004.57_VelocLat",814.339695397923,23.1884279199133,2.48303475812209,0.4752492,4.324074,35.1558000000001,1e+07,3
"350","DQ431702WG216_Hs_2004.57_VelocLon",833.722006789445,23.8008519118331,0.684905237469478,-3.60594,5.015754,35.1558000000001,1e+07,3
"351","DQ431703WG218_Hs_2004.57_VelocLat",745.046410582712,21.242411869764,0.317784394585616,-2.448006,3.0317,35.1558000000001,1e+07,3
"352","DQ431703WG218_Hs_2004.57_VelocLon",740.639558280345,21.1295441403399,-8.57769132117869,-15.0893,-2.645796,35.1558000000001,1e+07,3
"353","DQ431704WG219_Hs_2004.57_VelocLat",784.760430370685,22.4037961811123,2.49873849420644,0.5022528,4.399392,35.1558000000001,1e+07,3
"354","DQ431704WG219_Hs_2004.57_VelocLon",840.863546562766,24.0041772954006,0.72172244883707,-3.611914,5.00111,35.1558000000001,1e+07,3
"355","DQ431705WG233_Hs_2004.52_VelocLat",747.691783881438,21.315513062392,2.95946536154051,0.05998026,5.79341,35.1558000000001,1e+07,3
"356","DQ431705WG233_Hs_2004.52_VelocLon",558.221455308014,15.8154032220171,1.63099082791032,-5.124888,7.737944,35.1558000000001,1e+07,3
"357","DQ431706WG236_Hs_2004.57_VelocLat",339.002595421576,9.64453000572142,-0.154960545139401,-3.3263,3.0437,35.1558000000001,1e+07,3
"358","DQ431706WG236_Hs_2004.57_VelocLon",308.918052018662,8.83282956416522,-1.48132406876804,-8.960752,5.661736,35.1558000000001,1e+07,3
"359","DQ431707WG237_Hs_2004.58_VelocLat",331.918247396674,9.44751126537148,-0.147597415409618,-2.901926,2.97107,35.1558000000001,1e+07,3
"360","DQ431707WG237_Hs_2004.58_VelocLon",309.824413424162,8.86950244469917,-1.34733525029301,-7.980912,5.510514,35.1558000000001,1e+07,3
"361","DQ431708WG238_Hs_2004.54_VelocLat",805.745577240162,22.9351147359349,-1.14574368294768,-3.423164,0.8613742,35.1558000000001,1e+07,3
"362","DQ431708WG238_Hs_2004.54_VelocLon",757.687615025766,21.5249396540016,-0.39586535799556,-5.265468,4.193062,35.1558000000001,1e+07,3
"363","DQ431709WG240_Hs_2004.54_VelocLat",850.86926006376,24.2313902121896,-0.224214373601776,-1.771806,1.430148,35.1558000000001,1e+07,3
"364","DQ431709WG240_Hs_2004.54_VelocLon",843.802523545678,24.0006474594961,0.146786984865039,-3.342808,3.97145,35.1558000000001,1e+07,3
"365","DQ431710WG244_Hs_2004.58_VelocLat",860.945364670062,24.5316759512781,-0.460542567929412,-2.008366,1.1574138,35.1558000000001,1e+07,3
"366","DQ431710WG244_Hs_2004.58_VelocLon",814.554550496869,23.1554071233197,-0.511804612008435,-4.191294,3.066886,35.1558000000001,1e+07,3
"367","DQ431711WG251_Hs_2004_VelocLat",796.630280039523,22.689181808589,-0.830200755467481,-2.951186,1.193396,35.1558000000001,1e+07,3
"368","DQ431711WG251_Hs_2004_VelocLon",805.864050054454,22.9795573105294,-2.68702012311654,-7.032498,2.21606,35.1558000000001,1e+07,3
"369","DQ431712WG252_Hs_2004.57_VelocLat",789.102090304032,22.5860861512225,-0.780184500398002,-2.951376,1.343838,35.1558000000001,1e+07,3
"370","DQ431712WG252_Hs_2004.57_VelocLon",753.286454345734,21.5824553755365,-1.68548128820111,-6.49182,3.307428,35.1558000000001,1e+07,3
"371","DQ666448_Hs_2004_VelocLat",834.963315205729,23.8104775545581,-0.16376280980333,-2.247156,1.910218,35.1558000000001,1e+07,3
"372","DQ666448_Hs_2004_VelocLon",812.906430106309,23.2016425777401,-2.04766979856981,-6.729422,2.722742,35.1558000000001,1e+07,3
"373","DQ666449_Hs_2005_VelocLat",815.761258287976,23.2347668402232,-1.69585423568435,-4.057272,0.7375292,35.1558000000001,1e+07,3
"374","DQ666449_Hs_2005_VelocLon",837.104347201577,23.8720550174319,5.51206662314872,-0.158504573,10.88406,35.1558000000001,1e+07,3
"375","DQ666450_Hs_2005_VelocLat",816.637086977222,23.2835602061694,-0.901498333792453,-4.45451,2.526054,35.1558000000001,1e+07,3
"376","DQ666450_Hs_2005_VelocLon",860.951715629318,24.4968193282305,-1.00883395861065,-8.315352,7.124438,35.1558000000001,1e+07,3
"377","DQ666451_Hs_2005_VelocLat",871.633183931297,24.7990476243477,0.00826477841842397,-2.422192,2.635026,35.1558000000001,1e+07,3
"378","DQ666451_Hs_2005_VelocLon",867.396764915044,24.7115967088007,-0.731215557491676,-6.196146,4.766728,35.1558000000001,1e+07,3
"379","DQ666452_Hs_2005_VelocLat",801.273683555777,22.8398844943039,2.49564150727414,-0.8378516,5.990748,35.1558000000001,1e+07,3
"380","DQ666452_Hs_2005_VelocLon",798.286831015086,22.7913978598578,0.364900749966704,-7.24789,7.84053,35.1558000000001,1e+07,3
"381","DQ983578_Cn_2003_VelocLat",844.28693354969,24.0532361187316,-2.65526712905172,-6.119842,0.8344082,35.1558000000001,1e+07,3
"382","DQ983578_Cn_2003_VelocLon",870.248206776492,24.7897739544884,-0.936634385205327,-8.91742,6.763038,35.1558000000001,1e+07,3
"383","FJ151394_Cb_1999_VelocLat",259.759514095263,7.40886060029414,0.33780240862131,-2.403108,3.227866,35.1558000000001,1e+07,3
"384","FJ151394_Cb_1999_VelocLon",263.382257417214,7.52309469183211,-0.0103196312736959,-6.138486,6.41094,35.1558000000001,1e+07,3
"385","growth",901,25.6602242977953,1e-06,1e-06,1e-06,35.1558000000001,1e+07,3
"386","lnLAlgn",6.508557558023,0.185361872135384,-23914.83,-23914.83,-23914.83,35.1558000000001,1e+07,3
"387","lnLSpac",358.47713246273,10.2293900188439,-1094.77439733629,-1143.774,-1048.278,35.1558000000001,1e+07,3
"388","lnLTime",901,25.6602242977953,-516.14,-516.14,-516.14,35.1558000000001,1e+07,3
"389","lnLVeloc",424.332846899268,12.0752843578009,-1098.69602663707,-1151.02,-1050.43,35.1558000000001,1e+07,3
"390","lnPost",357.995646488638,10.2160140039472,-25531.7737957825,-25581.092,-25485.034,35.1558000000001,1e+07,3
"391","lnPSpac",350.486523786744,10.0346307341189,-6.02206141553829,-6.3644434,-5.695893,35.1558000000001,1e+07,3
"392","nu",38.8346879200267,1.10600089074669,0.1,0.1,0.1,35.1558000000001,1e+07,3
"393","obsVarLat",901,25.6602242977953,1e-04,1e-04,1e-04,35.1558000000001,1e+07,3
"394","obsVarLon",901,25.6602242977953,1e-04,1e-04,1e-04,35.1558000000001,1e+07,3
"395","root_VelocLat",627.941558696359,17.8072284501142,-0.157655557129856,-3.58996,3.184594,35.1558000000001,1e+07,3
"396","root_VelocLon",644.656617883908,18.3614217497622,-3.80811000495228,-11.26796,3.161624,35.1558000000001,1e+07,3
"397","rootLat",193.356779973964,5.52895825761491,39.8648386015538,32.69684,46.7719,35.1558000000001,1e+07,3
"398","rootLon",209.261600818344,5.92597066211838,-71.1416482130966,-85.7937,-56.12604,35.1558000000001,1e+07,3
"399","rootTime",2.64561605051473,0.0753463942975086,1995.39,1995.39,1995.39,35.1558000000001,1e+07,3
"400","sample",2.50805292070193,0.0714286354006127,5500000,1e+06,9550000,35.1558000000001,1e+07,3
"401","sigSqLat",326.826752871803,9.28666521741892,2.35510770033296,1.730402,3.080198,35.1558000000001,1e+07,3
"402","sigSqLon",350.583509256582,10.0380707307531,11.8138042552719,8.731052,15.22918,35.1558000000001,1e+07,3
"403","speed",123.652723484708,3.50805891960265,328.963155382908,296.7936,366.0718,35.1558000000001,1e+07,3
"404","speedfromveloc",198.684530812723,5.63381005141904,515.641655493896,452.3512,576.8446,35.1558000000001,1e+07,3
"405","substRate",901,25.6602242977953,4e-04,4e-04,4e-04,35.1558000000001,1e+07,3
"406","WG007_Hs_2005.59_VelocLat",802.519916908194,22.9297801250625,-1.20718420514517,-3.84622,1.457744,35.1558000000001,1e+07,3
"407","WG007_Hs_2005.59_VelocLon",854.279750696314,24.3060051610998,1.86396222895583,-3.962572,8.05798,35.1558000000001,1e+07,3
"408","WG009_Hs_2005.67_VelocLat",801.178067945318,22.8391676321688,-1.07790378635938,-3.660544,1.434738,35.1558000000001,1e+07,3
"409","WG009_Hs_2005.67_VelocLon",855.554593495226,24.3529899262585,2.1808283769929,-3.363542,8.00415,35.1558000000001,1e+07,3
"410","WG011_Hs_2006.66_VelocLat",874.809301899962,24.8890250368773,-1.79931373183352,-4.657308,1.229511,35.1558000000001,1e+07,3
"411","WG011_Hs_2006.66_VelocLon",831.2852734076,23.7267738757352,1.59385505572031,-5.116862,7.804726,35.1558000000001,1e+07,3
"412","WG013_Hs_2007.48_VelocLat",883.789406653766,25.1846511624708,-0.878034631296781,-3.581324,1.608886,35.1558000000001,1e+07,3
"413","WG013_Hs_2007.48_VelocLon",773.62319995456,22.1172729130854,0.787994221653718,-5.138566,6.761004,35.1558000000001,1e+07,3
"414","WG024_Hs_2003.53_VelocLat",320.24712392206,9.14848353314136,-3.04422356959822,-5.582442,-0.5422984,35.1558000000001,1e+07,3
"415","WG024_Hs_2003.53_VelocLon",312.946634634085,8.90089991210418,-11.9098374206437,-17.52488,-6.265818,35.1558000000001,1e+07,3
"416","WG080_Hs_2004.56_VelocLat",794.499758325434,22.6022535085772,-0.00925740287680354,-1.816346,1.69708,35.1558000000001,1e+07,3
"417","WG080_Hs_2004.56_VelocLon",811.178546413596,23.132771719894,-0.982099597234628,-5.113562,2.875258,35.1558000000001,1e+07,3
"418","WG091_Hs_2004.66_VelocLat",831.084257442923,23.6987168543303,-0.0727744061476138,-1.655848,1.706016,35.1558000000001,1e+07,3
"419","WG091_Hs_2004.66_VelocLon",804.674623025029,22.8294859173706,1.13474855377181,-2.49912,4.897118,35.1558000000001,1e+07,3
"420","WG099_Hs_2004.49_VelocLat",814.713982724234,23.1546425991064,-0.271625213448169,-2.375208,1.596068,35.1558000000001,1e+07,3
"421","WG099_Hs_2004.49_VelocLon",807.29345838825,22.9322402387615,0.987412537203108,-3.356584,5.423546,35.1558000000001,1e+07,3
"422","WG101_Hs_2005.57_VelocLat",773.89410906764,22.0556982175036,-0.0455538967152053,-1.729948,1.572026,35.1558000000001,1e+07,3
"423","WG101_Hs_2005.57_VelocLon",766.033705206545,21.7436227656238,0.361182744347614,-3.28887,3.922996,35.1558000000001,1e+07,3
"424","WG103_Hs_2005.58_VelocLat",755.801403990287,21.5684221603515,-0.377400888867925,-2.065022,1.283462,35.1558000000001,1e+07,3
"425","WG103_Hs_2005.58_VelocLon",756.061524523535,21.5320449099155,-1.14735611988901,-4.852802,2.537572,35.1558000000001,1e+07,3
"426","WG116_Hs_2005.65_VelocLat",791.831488064203,22.5487801991234,-0.285446630083463,-1.516946,0.9290632,35.1558000000001,1e+07,3
"427","WG116_Hs_2005.65_VelocLon",787.59728995823,22.4408541579578,-0.25873968218313,-2.894594,2.458036,35.1558000000001,1e+07,3
"428","WG124_Hs_2005.69_VelocLat",849.866700486217,24.1702114244423,-0.247220323656737,-2.800818,2.604158,35.1558000000001,1e+07,3
"429","WG124_Hs_2005.69_VelocLon",879.547658005387,25.0665336114082,1.58395892346415,-4.56462,7.563796,35.1558000000001,1e+07,3
"430","WG132_Hs_2005.76_VelocLat",891.488418995931,25.3820102752123,-0.0496934611413984,-2.694168,2.538668,35.1558000000001,1e+07,3
"431","WG132_Hs_2005.76_VelocLon",763.635434996373,21.7585595465311,-4.29544020801509,-10.402588,1.3892412,35.1558000000001,1e+07,3
"432","WG142_Hs_2006.64_VelocLat",809.290136639169,23.0021393986704,1.05669732837358,-3.01851,5.2224,35.1558000000001,1e+07,3
"433","WG142_Hs_2006.64_VelocLon",828.056648473659,23.6024457596415,0.678307644157603,-8.980232,9.487304,35.1558000000001,1e+07,3
"434","WG144_Hs_2006.67_VelocLat",832.030701481085,23.7502884731415,-0.805507763418424,-3.95578,2.014736,35.1558000000001,1e+07,3
"435","WG144_Hs_2006.67_VelocLon",788.836916928404,22.4939743852486,0.227318808833518,-6.87405,6.688934,35.1558000000001,1e+07,3
"436","WG148_Hs_2007.59_VelocLat",858.349592885759,24.4734256015472,0.179583733222198,-2.206468,2.502854,35.1558000000001,1e+07,3
"437","WG148_Hs_2007.59_VelocLon",872.913375208604,24.8337083432653,0.120605374270366,-5.369018,5.459348,35.1558000000001,1e+07,3
"438","WG149_Hs_2007.63_VelocLat",866.980475767854,24.6896224110139,0.0534136664490566,-3.466184,3.249474,35.1558000000001,1e+07,3
"439","WG149_Hs_2007.63_VelocLon",836.916310263472,23.7956285767625,-2.23499671849945,-9.926408,4.781766,35.1558000000001,1e+07,3
